Date,Close,RSI,20DMA,50DMA,Buy_Signal,Sell_Signal,Position,Daily_Return,Strategy_Return,Cumulative_Strategy_Return,Ticker
2025-02-10,4036.949951171875,,,,False,False,0,,,,TCS
2025-02-11,3963.550048828125,,,,False,False,0,-0.018182019403644833,-0.0,1.0,TCS
2025-02-12,3950.14990234375,,,,False,False,0,-0.003380844525562865,-0.0,1.0,TCS
2025-02-13,3910.14990234375,,,,False,False,0,-0.010126197989667851,-0.0,1.0,TCS
2025-02-14,3934.85009765625,,,,False,False,0,0.006316943321711177,0.0,1.0,TCS
2025-02-17,3904.5,,,,False,False,0,-0.007713152192081685,-0.0,1.0,TCS
2025-02-18,3873.199951171875,,,,False,False,0,-0.008016403848924325,-0.0,1.0,TCS
2025-02-19,3784.10009765625,,,,False,False,0,-0.02300419669494913,-0.0,1.0,TCS
2025-02-20,3779.39990234375,,,,False,False,0,-0.0012420906400999465,-0.0,1.0,TCS
2025-02-21,3786.0,,,,False,False,0,0.0017463348221384845,0.0,1.0,TCS
2025-02-24,3675.60009765625,,,,False,False,0,-0.02916003759739827,-0.0,1.0,TCS
2025-02-25,3629.550048828125,,,,False,False,0,-0.012528579716136412,-0.0,1.0,TCS
2025-02-27,3612.550048828125,,,,False,False,0,-0.0046837761626923324,-0.0,1.0,TCS
2025-02-28,3483.25,3.981146686066623,,,False,False,0,-0.03579190518621844,-0.0,1.0,TCS
2025-03-03,3493.050048828125,6.221881695071417,,,False,False,0,0.0028134784549271874,0.0,1.0,TCS
2025-03-04,3532.050048828125,14.748147366821001,,,False,False,0,0.011165027541785166,0.0,1.0,TCS
2025-03-05,3547.050048828125,17.84212987444839,,,False,False,0,0.004246825439230939,0.0,1.0,TCS
2025-03-06,3601.60009765625,28.06644281253537,,,False,False,0,0.015378990450430008,0.0,1.0,TCS
2025-03-07,3611.199951171875,29.723916555792485,,,False,False,0,0.0026654412636961666,0.0,1.0,TCS
2025-03-10,3589.64990234375,28.155550347037178,3734.9200073242187,,False,False,0,-0.005967559016257673,-0.0,1.0,TCS
2025-03-11,3575.300048828125,27.129048129586067,3711.837512207031,,False,False,0,-0.003997563524580916,-0.0,1.0,TCS
2025-03-12,3506.199951171875,22.81544077292567,3688.970007324219,,False,False,0,-0.019327076528555698,-0.0,1.0,TCS
2025-03-13,3511.050048828125,23.732092563979236,3667.0150146484375,,False,False,0,0.0013832918041736253,0.0,1.0,TCS
2025-03-17,3497.699951171875,22.925038409079406,3646.3925170898438,,False,False,0,-0.0038023091299156375,-0.0,1.0,TCS
2025-03-18,3497.699951171875,22.925038409079406,3624.535009765625,,False,False,0,0.0,0.0,1.0,TCS
2025-03-19,3497.10009765625,22.88448401644972,3604.1650146484376,,False,False,0,-0.00017149942076188918,-0.0,1.0,TCS
2025-03-20,3563.14990234375,36.25593654518168,3588.6625122070313,,False,False,0,0.018887021487250744,0.0,1.0,TCS
2025-03-21,3578.10009765625,38.840920035159265,3578.362512207031,,False,False,0,0.004195780621709444,0.0,1.0,TCS
2025-03-24,3628.949951171875,46.750621548444755,3570.8400146484373,,False,False,0,0.014211411678765717,0.0,1.0,TCS
2025-03-25,3657.75,50.64400571104508,3564.4275146484374,,False,False,0,0.007936193448693007,0.0,1.0,TCS
2025-03-26,3635.800048828125,47.776825299092664,3562.4375122070314,,False,False,0,-0.006000943523169933,-0.0,1.0,TCS
2025-03-27,3651.199951171875,49.91906702685738,3563.5200073242186,,False,False,0,0.004235629610245928,0.0,1.0,TCS
2025-03-28,3606.14990234375,44.20624361043314,3563.2,,False,False,0,-0.012338422828272133,-0.0,1.0,TCS
2025-04-01,3550.800048828125,38.392723784742,3566.577502441406,,False,False,0,-0.015348738963860464,-0.0,1.0,TCS
2025-04-02,3543.949951171875,37.731386092890965,3569.1224975585938,,False,False,0,-0.0019291702044756942,-0.0,1.0,TCS
2025-04-03,3403.14990234375,27.315881811572652,3562.677490234375,,False,False,0,-0.039729694484417544,-0.0,1.0,TCS
2025-04-04,3299.39990234375,22.407475965208505,3550.2949829101562,,False,False,0,-0.030486461947664245,-0.0,1.0,TCS
2025-04-07,3274.050048828125,21.395834767313787,3533.91748046875,,False,False,0,-0.007683170960154806,-0.0,1.0,TCS
2025-04-08,3292.949951171875,24.14552373667921,3518.00498046875,,False,False,0,0.005772636967023459,0.0,1.0,TCS
2025-04-09,3246.60009765625,22.10344937012242,3500.852490234375,,False,False,0,-0.014075480709668908,-0.0,1.0,TCS
2025-04-11,3231.5,21.4664895657275,3483.662487792969,,False,False,0,-0.004651049467765067,-0.0,1.0,TCS
2025-04-15,3248.199951171875,24.072471298509043,3470.762487792969,,False,False,0,0.005167863584055299,0.0,1.0,TCS
2025-04-16,3273.800048828125,28.01581431601184,3458.8999877929687,,False,False,0,0.007881318281226513,0.0,1.0,TCS
2025-04-17,3298.89990234375,31.758048633012848,3448.9599853515624,,False,False,0,0.007666886535910855,0.0,1.0,TCS
2025-04-21,3321.60009765625,35.046846717946394,3440.154992675781,,False,False,0,0.006881140981686684,0.0,1.0,TCS
2025-04-22,3314.39990234375,34.4792460454982,3431.019982910156,,False,False,0,-0.0021676887948012258,-0.0,1.0,TCS
2025-04-23,3413.0,47.11131464142454,3423.512487792969,,False,False,0,0.02974900451406781,0.0,1.0,TCS
2025-04-24,3401.60009765625,46.00691273019349,3414.6874877929686,,False,False,0,-0.0033401413254467993,-0.0,1.0,TCS
2025-04-25,3448.0,51.037998359836045,3405.639990234375,,False,False,0,0.013640610598441683,0.0,1.0,TCS
2025-04-28,3443.5,50.546082100553825,3394.927490234375,3562.1989990234374,False,False,0,-0.0013051044083526309,-0.0,1.0,TCS
2025-04-29,3472.5,53.646700800240126,3386.762487792969,3550.91,False,False,0,0.00842166400464639,0.0,1.0,TCS
2025-04-30,3453.699951171875,51.396968591444654,3376.887487792969,3540.712998046875,False,False,0,-0.005413980944024455,-0.0,1.0,TCS
2025-05-02,3431.0,48.73920192516706,3368.129992675781,3530.33,False,False,0,-0.006572647158932465,-0.0,1.0,TCS
2025-05-05,3454.300048828125,51.510864622816285,3363.3049926757812,3521.2130029296877,False,False,0,0.0067910372568129596,0.0,1.0,TCS
2025-05-06,3460.0,52.19187806539795,3359.1074951171877,3511.7160009765626,False,False,0,0.0016501030863860233,0.0,1.0,TCS
2025-05-07,3445.10009765625,50.20683004962244,3361.2050048828123,3502.5280029296873,False,False,0,-0.004306330157153204,-0.0,1.0,TCS
2025-05-08,3448.89990234375,50.72156954673542,3368.6800048828127,3494.042001953125,False,False,0,0.0011029591535192118,0.0,1.0,TCS
2025-05-09,3440.300048828125,49.47499588029967,3376.9925048828127,3487.1660009765624,False,False,0,-0.002493506265514034,-0.0,1.0,TCS
2025-05-12,3620.39990234375,67.49306573779432,3393.3650024414064,3483.9860009765625,False,False,0,0.05235004242637875,0.0,1.0,TCS
2025-05-13,3515.0,55.10730669175827,3406.7849975585937,3478.5660009765625,False,False,0,-0.029112779026294056,-0.0,1.0,TCS
2025-05-14,3548.699951171875,57.77541010302677,3422.6449951171876,3476.027998046875,False,False,0,0.00958746832770263,0.0,1.0,TCS
2025-05-15,3579.89990234375,60.137522761918724,3439.2299926757814,3475.0349951171875,False,False,0,0.008791938343948091,0.0,1.0,TCS
2025-05-16,3561.300048828125,58.05256679835186,3453.6049926757814,3474.0099951171874,False,False,0,-0.0051956350800332896,-0.0,1.0,TCS
2025-05-19,3518.800048828125,53.48923711805389,3464.6,3474.72099609375,False,False,0,-0.011933844219047196,-0.0,1.0,TCS
2025-05-20,3498.300048828125,51.390802543834894,3473.4349975585938,3474.82599609375,False,False,0,-0.005825849640654357,-0.0,1.0,TCS
2025-05-21,3525.800048828125,53.99797349883606,3484.0050048828125,3474.70099609375,False,False,0,0.007860960928497862,0.0,1.0,TCS
2025-05-22,3477.0,48.97775962160766,3487.2050048828123,3473.2999951171873,False,False,0,-0.013840844106955186,-0.0,1.0,TCS
2025-05-23,3514.60009765625,52.63189137480932,3492.8550048828124,3471.5599951171876,False,False,0,0.01081394813236991,0.0,1.0,TCS
2025-05-26,3537.300048828125,54.739382646416516,3497.3200073242188,3470.0819970703124,False,False,0,0.0064587579073398516,0.0,1.0,TCS
2025-05-27,3498.699951171875,50.61545488972681,3500.0800048828123,3468.262998046875,False,False,0,-0.010912305182885995,-0.0,1.0,TCS
2025-05-28,3497.699951171875,50.50929054050142,3501.3400024414063,3466.71099609375,False,False,0,-0.00028582045158376257,-0.0,1.0,TCS
2025-05-29,3498.10009765625,50.55398262012058,3503.560009765625,3466.5489990234373,False,False,0,0.000114402747508624,0.0,1.0,TCS
2025-05-30,3463.39990234375,46.62213532920623,3505.1800048828127,3465.59599609375,False,False,0,-0.009919726235321114,-0.0,1.0,TCS
2025-06-02,3449.800048828125,45.1403239242764,3504.9550048828123,3464.637998046875,False,False,0,-0.003926734971154144,-0.0,1.0,TCS
2025-06-03,3405.199951171875,40.5846857607016,3502.2150024414063,3462.787998046875,False,False,0,-0.012928313822536008,-0.0,1.0,TCS
2025-06-04,3380.89990234375,38.31577119862898,3499.004992675781,3460.463994140625,False,False,0,-0.007136159161450162,-0.0,1.0,TCS
2025-06-05,3371.10009765625,37.40751214081253,3495.1150024414064,3456.622998046875,False,False,0,-0.0028985787720915424,-0.0,1.0,TCS
2025-06-06,3384.199951171875,39.47296491524337,3492.3099975585938,3452.7449951171875,False,False,0,0.0038859283723828852,0.0,1.0,TCS
2025-06-09,3421.89990234375,45.08878447213692,3482.3849975585936,3448.603994140625,False,False,0,0.011139989278358131,0.0,1.0,TCS
2025-06-10,3462.89990234375,50.47088789961296,3479.779992675781,3444.7069921875,False,False,0,0.011981647964605324,0.0,1.0,TCS
2025-06-11,3471.89990234375,51.59251081865455,3475.939990234375,3441.4289892578126,False,False,0,0.0025989778087169846,0.0,1.0,TCS
2025-06-12,3434.199951171875,46.81047982112491,3468.654992675781,3437.0889892578125,False,False,0,-0.010858593920413773,-0.0,1.0,TCS
2025-06-13,3445.699951171875,48.382170922303914,3462.8749877929686,3433.879990234375,False,False,0,0.003348669315563768,0.0,1.0,TCS
2025-06-16,3496.300048828125,54.72185921496144,3461.7499877929686,3432.789990234375,False,False,0,0.014684998221926149,0.0,1.0,TCS
2025-06-17,3515.300048828125,56.86422067985518,3462.599987792969,3432.2169921875,False,False,0,0.005434316201313516,0.0,1.0,TCS
2025-06-18,3451.39990234375,48.54501701889341,3458.87998046875,3433.1819921875,False,False,0,-0.01817772184359545,-0.0,1.0,TCS
2025-06-19,3424.0,45.47297018996292,3456.22998046875,3435.673994140625,False,False,0,-0.007938779370406657,-0.0,1.0,TCS
2025-06-20,3435.699951171875,47.01487255614025,3452.2849731445312,3438.9069921875,False,False,0,0.003417041814215871,0.0,1.0,TCS
2025-06-23,3393.60009765625,42.37182220350798,3445.0999755859375,3440.9199951171877,False,False,0,-0.012253646742715452,-0.0,1.0,TCS
2025-06-24,3390.39990234375,42.03201783844072,3439.6849731445313,3443.7959912109377,False,False,0,-0.0009430089640527495,-0.0,1.0,TCS
2025-06-25,3444.800048828125,49.452911752625184,3437.0399780273438,3448.0619921875,False,False,0,0.016045348056660913,0.0,1.0,TCS
2025-06-26,3441.800048828125,49.0797677992796,3434.2249755859375,3451.933994140625,False,False,0,-0.0008708778325233757,-0.0,1.0,TCS
2025-06-27,3441.10009765625,48.98689348636002,3433.1099853515625,3455.2799951171874,False,False,0,-0.0002033677616203322,-0.0,1.0,TCS
2025-06-30,3462.0,51.912948317878154,3433.7199829101564,3458.5419970703124,False,False,0,0.006073610691530007,0.0,1.0,TCS
2025-07-01,3429.699951171875,47.38896002674697,3434.9449829101563,3460.703994140625,False,False,0,-0.009329881232849502,-0.0,1.0,TCS
2025-07-02,3423.300048828125,46.52384035787983,3437.064990234375,3462.8819970703125,False,False,0,-0.0018660239772763099,-0.0,1.0,TCS
2025-07-03,3400.800048828125,43.51608390105419,3438.5499877929688,3462.637998046875,False,False,0,-0.0065726052870248575,-0.0,1.0,TCS
2025-07-04,3419.800048828125,46.65252233753241,3440.3299926757813,3463.0019970703124,False,False,0,0.005586920644319315,0.0,1.0,TCS
2025-07-07,3411.699951171875,45.49274283901103,3439.8199951171873,3462.27599609375,False,False,0,-0.0023685880871969767,-0.0,1.0,TCS
2025-07-08,3406.199951171875,44.68051919634656,3436.984997558594,3461.5299951171874,False,False,0,-0.0016120995628912116,-0.0,1.0,TCS
2025-07-09,3383.800048828125,41.435798379652766,3432.5800048828123,3459.75599609375,False,False,0,-0.0065762147451278175,-0.0,1.0,TCS
2025-07-10,3382.0,41.17701473438144,3429.970007324219,3458.3219970703126,False,False,0,-0.0005319607548172067,-0.0,1.0,TCS
2025-07-11,3266.0,28.726201790652482,3420.985009765625,3455.0219970703124,False,False,0,-0.0342992312241277,-0.0,1.0,TCS
2025-07-14,3222.699951171875,25.612928996546245,3407.3050048828127,3450.3899951171875,False,False,0,-0.013257822666296715,-0.0,1.0,TCS
2025-07-15,3252.300048828125,31.10945200369366,3394.1550048828126,3446.23599609375,False,False,0,0.009184875447522334,0.0,1.0,TCS
2025-07-16,3233.10009765625,29.582527608554713,3383.2400146484374,3441.99599609375,False,False,0,-0.005903499333892337,-0.0,1.0,TCS
2025-07-17,3209.199951171875,27.75623307070002,3372.5000122070314,3437.2019970703127,False,False,0,-0.007392331125689822,-0.0,1.0,TCS
2025-07-18,3189.89990234375,26.341981992192785,3360.210009765625,3432.193994140625,False,False,0,-0.006013975171935693,-0.0,1.0,TCS
2025-07-21,3158.199951171875,24.16415914693647,3348.4400024414062,3422.9499951171874,False,False,0,-0.009937600596364726,-0.0,1.0,TCS
2025-07-22,3159.60009765625,24.461218778798596,3336.900012207031,3415.8419970703126,False,False,0,0.00044333687100950314,0.0,1.0,TCS
2025-07-23,3179.10009765625,28.65292762924824,3323.6150146484374,3408.45,False,False,0,0.0061716671089055986,0.0,1.0,TCS
2025-07-24,3148.0,26.159680139856476,3308.925012207031,3399.812001953125,False,False,0,-0.009782673304051692,-0.0,1.0,TCS
2025-07-25,3135.800048828125,25.23214250646336,3293.660009765625,3391.302001953125,False,False,0,-0.003875460982171175,-0.0,1.0,TCS
2025-07-28,3079.300048828125,21.440635948717386,3274.525012207031,3382.512001953125,False,False,0,-0.018017730442065227,-0.0,1.0,TCS
2025-07-29,3056.0,20.09931703102066,3255.8400146484373,3373.6660009765624,False,False,0,-0.007566670496105821,-0.0,1.0,TCS
2025-07-30,3053.60009765625,19.96080298436378,3237.355017089844,3364.222001953125,False,False,0,-0.0007853083585569465,-0.0,1.0,TCS
2025-07-31,3036.800048828125,18.9749874194123,3219.1550170898436,3355.4180029296876,False,False,0,-0.005501718722441651,-0.0,1.0,TCS
2025-08-01,3003.0,17.140813325825377,3198.3150146484377,3345.1860009765624,False,False,0,-0.011130152886150046,-0.0,1.0,TCS
2025-08-04,3074.39990234375,32.07703266082602,3181.4500122070312,3335.927998046875,False,False,0,0.023776191256660084,0.0,1.0,TCS
2025-08-05,3063.89990234375,31.186712958547105,3164.335009765625,3327.2319970703124,False,False,0,-0.0034153006549327847,-0.0,1.0,TCS
2025-08-06,3032.300048828125,28.61280677308183,3146.760009765625,3317.9239990234373,False,False,0,-0.010313605053302366,-0.0,1.0,TCS
2025-08-07,3047.0,31.447223271211584,3130.010009765625,3308.9019970703125,False,False,0,0.004847789115577816,0.0,1.0,TCS
2025-08-08,3036.39990234375,30.506599776353625,3118.5300048828126,3300.3619970703126,False,False,0,-0.0034788636876436074,-0.0,1.0,TCS
2025-02-10,1253.6500244140625,,,,False,False,0,,,,RELIANCE
2025-02-11,1234.8499755859375,,,,False,False,0,-0.014996249720420907,-0.0,1.0,RELIANCE
2025-02-12,1216.550048828125,,,,False,False,0,-0.014819554698641935,-0.0,1.0,RELIANCE
2025-02-13,1216.0999755859375,,,,False,False,0,-0.0003699586733986182,-0.0,1.0,RELIANCE
2025-02-14,1217.25,,,,False,False,0,0.0009456660119644411,0.0,1.0,RELIANCE
2025-02-17,1224.9000244140625,,,,False,False,0,0.006284678097401963,0.0,1.0,RELIANCE
2025-02-18,1225.4000244140625,,,,False,False,0,0.0004081965793405473,0.0,1.0,RELIANCE
2025-02-19,1227.449951171875,,,,False,False,0,0.00167286332378902,0.0,1.0,RELIANCE
2025-02-20,1233.0,,,,False,False,0,0.0045216090666884146,0.0,1.0,RELIANCE
2025-02-21,1228.1500244140625,,,,False,False,0,-0.003933475738797654,-0.0,1.0,RELIANCE
2025-02-24,1214.550048828125,,,,False,False,0,-0.01107354583364184,-0.0,1.0,RELIANCE
2025-02-25,1204.0,,,,False,False,0,-0.008686384590165241,-0.0,1.0,RELIANCE
2025-02-27,1207.0999755859375,,,,False,False,0,0.0025747305531043096,0.0,1.0,RELIANCE
2025-02-28,1200.0999755859375,21.984857494133053,,,False,False,0,-0.0057990225677886365,-0.0,1.0,RELIANCE
2025-03-03,1171.25,14.465590504119305,,,False,False,0,-0.02403964350707677,-0.0,1.0,RELIANCE
2025-03-04,1161.9000244140625,12.922954775654986,,,False,False,0,-0.00798290338180363,-0.0,1.0,RELIANCE
2025-03-05,1175.5999755859375,25.465304993914103,,,False,False,0,0.011790989658326145,0.0,1.0,RELIANCE
2025-03-06,1209.5999755859375,46.182926632419914,,,False,False,0,0.028921402437979582,0.0,1.0,RELIANCE
2025-03-07,1249.800048828125,60.25113426889453,,,False,False,0,0.03323418820566215,0.0,1.0,RELIANCE
2025-03-10,1238.4000244140625,55.79671640640239,1215.4800048828124,,False,False,0,-0.009121478611520129,-0.0,1.0,RELIANCE
2025-03-11,1247.300048828125,58.38350719332116,1215.1625061035156,,False,False,0,0.007186712078977475,0.0,1.0,RELIANCE
2025-03-12,1257.050048828125,61.07117836411646,1216.272509765625,,False,False,0,0.007816884164448146,0.0,1.0,RELIANCE
2025-03-13,1247.9000244140625,57.32930041374889,1217.8400085449218,,False,False,0,-0.0072789658793558365,-0.0,1.0,RELIANCE
2025-03-17,1238.8499755859375,53.81704174918395,1218.9775085449219,,False,False,0,-0.007252222654915319,-0.0,1.0,RELIANCE
2025-03-18,1238.8499755859375,53.81704174918395,1220.0575073242187,,False,False,0,0.0,0.0,1.0,RELIANCE
2025-03-19,1247.1500244140625,56.64240398837067,1221.1700073242187,,False,False,0,0.006699801422040075,0.0,1.0,RELIANCE
2025-03-20,1269.1500244140625,63.08829820215261,1223.3575073242187,,False,False,0,0.01764021935559512,0.0,1.0,RELIANCE
2025-03-21,1276.3499755859375,64.92607957530925,1225.802508544922,,False,False,0,0.005673049705214428,0.0,1.0,RELIANCE
2025-03-24,1302.0999755859375,70.56968947741507,1229.2575073242188,,False,False,0,0.02017471735225196,0.0,1.0,RELIANCE
2025-03-25,1285.449951171875,63.45934584439934,1232.1225036621095,,False,False,0,-0.012787055315449214,-0.0,1.0,RELIANCE
2025-03-26,1273.050048828125,58.714664595167825,1235.0475036621094,,False,False,0,-0.009646351717113255,-0.0,1.0,RELIANCE
2025-03-27,1278.199951171875,60.050604953627776,1238.757501220703,,False,False,0,0.004045325907249708,0.0,1.0,RELIANCE
2025-03-28,1275.0999755859375,58.81682755014206,1242.1575012207031,,False,False,0,-0.002425266550116323,-0.0,1.0,RELIANCE
2025-04-01,1252.5999755859375,50.67822648245256,1244.7825012207031,,False,False,0,-0.01764567518688931,-0.0,1.0,RELIANCE
2025-04-02,1251.1500244140625,50.19619598760864,1248.7775024414063,,False,False,0,-0.001157553249349852,-0.0,1.0,RELIANCE
2025-04-03,1248.699951171875,49.34214943581989,1253.117498779297,,False,False,0,-0.0019582569591004573,-0.0,1.0,RELIANCE
2025-04-04,1204.699951171875,37.12572795883793,1254.5724975585938,,False,False,0,-0.035236647489820916,-0.0,1.0,RELIANCE
2025-04-07,1165.699951171875,30.028930347059656,1252.3774963378905,,False,False,0,-0.03237320625941975,-0.0,1.0,RELIANCE
2025-04-08,1182.199951171875,35.6347951353673,1248.997491455078,,False,False,0,0.01415458582065865,0.0,1.0,RELIANCE
2025-04-09,1185.3499755859375,36.6778199070373,1246.344989013672,,False,False,0,0.0026645445306776594,0.0,1.0,RELIANCE
2025-04-11,1218.949951171875,46.615178995414226,1244.9274841308593,,False,False,0,0.02834603811362002,0.0,1.0,RELIANCE
2025-04-15,1240.0999755859375,51.748330299582975,1244.07998046875,,False,False,0,0.017351019534254997,0.0,1.0,RELIANCE
2025-04-16,1239.300048828125,51.54645225509395,1243.6499816894532,,False,False,0,-0.0006450502165638028,-0.0,1.0,RELIANCE
2025-04-17,1274.5,59.106485487427655,1245.4324829101563,,False,False,0,0.028403090280807897,0.0,1.0,RELIANCE
2025-04-21,1295.5,62.832335067273156,1248.2649841308594,,False,False,0,0.0164770498234601,0.0,1.0,RELIANCE
2025-04-22,1291.199951171875,61.59481063763128,1250.46748046875,,False,False,0,-0.0033192194736588743,-0.0,1.0,RELIANCE
2025-04-23,1300.0,63.19253855957588,1252.0099792480469,,False,False,0,0.006815403625238803,0.0,1.0,RELIANCE
2025-04-24,1301.5999755859375,63.48993684180217,1253.272479248047,,False,False,0,0.0012307504507211853,0.0,1.0,RELIANCE
2025-04-25,1300.4000244140625,63.078296954126415,1253.187481689453,,False,False,0,-0.000921904728320877,-0.0,1.0,RELIANCE
2025-04-28,1368.800048828125,73.58974445068961,1257.3549865722657,1241.3369970703125,False,False,0,0.052599218032837625,0.0,1.0,RELIANCE
2025-04-29,1399.699951171875,76.80269386413764,1263.687481689453,1244.2579956054688,False,False,0,0.022574445676126542,0.0,1.0,RELIANCE
2025-04-30,1405.0,77.31252332438942,1270.0274841308594,1247.66099609375,False,False,0,0.003786560700875574,0.0,1.0,RELIANCE
2025-05-02,1419.800048828125,78.71904505571578,1277.2624877929688,1251.72599609375,False,False,0,0.010533842582295394,0.0,1.0,RELIANCE
2025-05-05,1431.300048828125,79.76860088233505,1286.197491455078,1256.0299975585938,False,False,0,0.00809973207811332,0.0,1.0,RELIANCE
2025-05-06,1420.9000244140625,76.11271326083791,1294.684991455078,1260.102998046875,False,False,0,-0.007266138516922038,-0.0,1.0,RELIANCE
2025-05-07,1406.0,71.08602019195114,1302.5499938964845,1263.7249975585937,False,False,0,-0.010486328494650254,-0.0,1.0,RELIANCE
2025-05-08,1407.0,71.22338093615767,1312.6649963378907,1267.3569970703124,False,False,0,0.0007112375533429027,0.0,1.0,RELIANCE
2025-05-09,1377.199951171875,61.801164441753635,1323.2399963378907,1270.3519970703126,False,False,0,-0.02117984991337951,-0.0,1.0,RELIANCE
2025-05-12,1436.5,70.23854157178604,1335.9549987792968,1274.4219970703125,False,False,0,0.043058416301616775,0.0,1.0,RELIANCE
2025-05-13,1415.699951171875,64.82945773116148,1347.4724975585937,1278.1729956054687,False,False,0,-0.01447967200008704,-0.0,1.0,RELIANCE
2025-05-14,1424.4000244140625,66.00858506854811,1357.7450012207032,1282.3699951171875,False,False,0,0.0061454217293615,0.0,1.0,RELIANCE
2025-05-15,1454.199951171875,69.74960226356629,1368.45,1287.373994140625,False,False,0,0.02092103780331711,0.0,1.0,RELIANCE
2025-05-16,1456.4000244140625,70.01200868798333,1379.304998779297,1292.3599951171875,False,False,0,0.001512909720849942,0.0,1.0,RELIANCE
2025-05-19,1440.800048828125,65.66257468752393,1387.6200012207032,1297.1739965820314,False,False,0,-0.010711326094775098,-0.0,1.0,RELIANCE
2025-05-20,1424.5999755859375,61.39693065918873,1394.075,1302.24099609375,False,False,0,-0.01124380392363522,-0.0,1.0,RELIANCE
2025-05-21,1429.199951171875,62.14884619323299,1400.975,1307.5869946289063,False,False,0,0.0032289594726726545,0.0,1.0,RELIANCE
2025-05-22,1409.4000244140625,57.00212103902868,1406.445001220703,1312.2629956054689,False,False,0,-0.013853853508445368,-0.0,1.0,RELIANCE
2025-05-23,1426.800048828125,60.12709725996076,1412.7050048828125,1316.6069970703124,False,False,0,0.012345696120798832,0.0,1.0,RELIANCE
2025-05-26,1434.800048828125,61.51209408900604,1419.4250061035157,1320.3069970703125,False,False,0,0.005606952429368484,0.0,1.0,RELIANCE
2025-05-27,1422.0999755859375,58.064002319545814,1422.0900024414063,1323.98099609375,False,False,0,-0.008851458607462614,-0.0,1.0,RELIANCE
2025-05-28,1412.9000244140625,55.6312327887385,1422.7500061035157,1327.2929956054688,False,False,0,-0.0064692717318164394,-0.0,1.0,RELIANCE
2025-05-29,1417.800048828125,56.67248324194792,1423.3900085449218,1330.5079956054688,False,False,0,0.003468061667062816,0.0,1.0,RELIANCE
2025-05-30,1420.9000244140625,57.35434656043663,1423.4450073242188,1333.9679956054688,False,False,0,0.0021864688102526397,0.0,1.0,RELIANCE
2025-06-02,1413.699951171875,55.18216757082453,1422.5650024414062,1337.4649951171875,False,False,0,-0.005067262381923454,-0.0,1.0,RELIANCE
2025-06-03,1405.5,52.732718205087785,1421.7950012207032,1340.7979956054687,False,False,0,-0.005800347637472614,-0.0,1.0,RELIANCE
2025-06-04,1423.5,57.22161871325688,1422.6700012207032,1344.3249951171874,False,False,0,0.012806830309498363,0.0,1.0,RELIANCE
2025-06-05,1442.4000244140625,61.369999455779585,1424.4400024414062,1347.7899951171876,False,False,0,0.013277150975807839,0.0,1.0,RELIANCE
2025-06-06,1443.5,61.60337357673051,1427.7550048828125,1351.1329956054688,False,False,0,0.0007626009202157391,0.0,1.0,RELIANCE
2025-06-09,1448.800048828125,62.77044473655235,1428.3700073242187,1354.0669970703125,False,False,0,0.0036716652775372616,0.0,1.0,RELIANCE
2025-06-10,1438.5,59.016224166086005,1429.510009765625,1357.127998046875,False,False,0,-0.0071093653237078724,-0.0,1.0,RELIANCE
2025-06-11,1448.9000244140625,61.51883082997715,1430.735009765625,1360.6449975585938,False,False,0,0.007229770187043849,0.0,1.0,RELIANCE
2025-06-12,1441.5999755859375,58.80447311060084,1430.1050109863281,1363.912998046875,False,False,0,-0.0050383385362128275,-0.0,1.0,RELIANCE
2025-06-13,1427.9000244140625,53.989984647168306,1428.6800109863282,1366.9689990234374,False,False,0,-0.009503295923896427,-0.0,1.0,RELIANCE
2025-06-16,1437.800048828125,56.74591862939395,1428.530010986328,1370.6730004882813,False,False,0,0.006933275610892187,0.0,1.0,RELIANCE
2025-06-17,1431.199951171875,54.40620014636855,1428.860009765625,1374.2739990234375,False,False,0,-0.004590414127214282,-0.0,1.0,RELIANCE
2025-06-18,1430.0999755859375,54.00653830614007,1428.905010986328,1377.9019995117187,False,False,0,-0.0007685687698890664,-0.0,1.0,RELIANCE
2025-06-19,1433.300048828125,55.04125166570761,1430.1000122070313,1382.4740014648437,False,False,0,0.0022376570147666364,0.0,1.0,RELIANCE
2025-06-20,1466.199951171875,64.00658408599276,1432.0700073242188,1388.4840014648437,False,False,0,0.022953953270739902,0.0,1.0,RELIANCE
2025-06-23,1456.800048828125,60.30635444759129,1433.1700073242187,1393.9760034179687,False,False,0,-0.006411064422855217,-0.0,1.0,RELIANCE
2025-06-24,1450.800048828125,58.00143701406337,1434.6050109863281,1399.2850048828125,False,False,0,-0.004118616006930087,-0.0,1.0,RELIANCE
2025-06-25,1467.300048828125,62.271896878171475,1437.3250122070312,1404.2520068359374,False,False,0,0.011373035183813052,0.0,1.0,RELIANCE
2025-06-26,1495.300048828125,68.1840294050376,1441.2000122070312,1409.3560083007812,False,False,0,0.019082668212518916,0.0,1.0,RELIANCE
2025-06-27,1515.4000244140625,71.62186583765165,1445.9250122070312,1414.8780078125,False,False,0,0.013442101872256362,0.0,1.0,RELIANCE
2025-06-30,1500.5999755859375,65.96943689083017,1450.2700134277343,1419.4000073242187,False,False,0,-0.009766430374611779,-0.0,1.0,RELIANCE
2025-07-01,1528.4000244140625,70.65433853929119,1456.4150146484376,1424.0580078125,False,False,0,0.018525955804624017,0.0,1.0,RELIANCE
2025-07-02,1518.800048828125,67.21325268186166,1461.1800170898437,1428.610009765625,False,False,0,-0.006281062177827312,-0.0,1.0,RELIANCE
2025-07-03,1517.800048828125,66.84802824310131,1464.950018310547,1432.9660107421876,False,False,0,-0.0006584145166255162,-0.0,1.0,RELIANCE
2025-07-04,1527.300048828125,68.59395665289233,1469.1400207519532,1437.4800122070312,False,False,0,0.006259058963224318,0.0,1.0,RELIANCE
2025-07-07,1541.5,71.04831953367369,1473.7750183105468,1442.30201171875,False,False,0,0.009297420754206254,0.0,1.0,RELIANCE
2025-07-08,1537.5999755859375,69.44315285084318,1478.7300170898438,1445.6780102539062,False,False,0,-0.002530019081454782,-0.0,1.0,RELIANCE
2025-07-09,1519.0,62.222990869299295,1482.2350158691406,1448.0640112304689,False,False,0,-0.012096758507588734,-0.0,1.0,RELIANCE
2025-07-10,1517.199951171875,61.55596261121001,1486.0150146484375,1450.3080102539063,False,False,0,-0.0011850222699967272,-0.0,1.0,RELIANCE
2025-07-11,1495.199951171875,53.944569387118676,1489.3800109863282,1451.8160083007813,False,False,0,-0.014500395931997812,-0.0,1.0,RELIANCE
2025-07-14,1483.699951171875,50.43400205762906,1491.6750061035157,1452.8640063476562,False,False,0,-0.007691279009865437,-0.0,1.0,RELIANCE
2025-07-15,1485.4000244140625,50.942268588179374,1494.385009765625,1454.1540063476561,False,False,0,0.0011458335904404038,0.0,1.0,RELIANCE
2025-07-16,1485.5999755859375,51.0059030565438,1497.160009765625,1455.746005859375,False,False,0,0.0001346109927216066,0.0,1.0,RELIANCE
2025-07-17,1476.4000244140625,47.92556452677646,1499.315008544922,1457.1340063476562,False,False,0,-0.006192751294470389,-0.0,1.0,RELIANCE
2025-07-18,1476.0,47.79041812227523,1499.8050109863282,1459.1100073242187,False,False,0,-0.0002709458191869629,-0.0,1.0,RELIANCE
2025-07-21,1428.5999755859375,35.14405003461874,1498.3950073242188,1458.9520068359375,False,False,0,-0.03211383767890408,-0.0,1.0,RELIANCE
2025-07-22,1412.800048828125,32.0952628090631,1496.4950073242187,1458.8940087890626,False,False,0,-0.011059727724923252,-0.0,1.0,RELIANCE
2025-07-23,1424.5999755859375,36.52413222663354,1494.3600036621094,1458.8980078125,False,False,0,0.008352156249994636,0.0,1.0,RELIANCE
2025-07-24,1402.9000244140625,32.34603976003174,1489.7400024414062,1457.8720092773438,False,False,0,-0.015232311907733775,-0.0,1.0,RELIANCE
2025-07-25,1391.699951171875,30.41231603675743,1483.554998779297,1456.5780078125,False,False,0,-0.007983514895771204,-0.0,1.0,RELIANCE
2025-07-28,1387.5999755859375,29.71206897516248,1477.9049987792969,1455.5140063476563,False,False,0,-0.0029460197814084044,-0.0,1.0,RELIANCE
2025-07-29,1417.0999755859375,40.35375283180315,1472.3399963378906,1455.3640063476562,False,False,0,0.021259729402591798,0.0,1.0,RELIANCE
2025-07-30,1410.0999755859375,38.85065034425777,1466.9049926757812,1454.9820068359375,False,False,0,-0.004939665599179577,-0.0,1.0,RELIANCE
2025-07-31,1390.199951171875,34.87375938608278,1460.5249877929687,1454.5980053710937,False,False,0,-0.014112491850652997,-0.0,1.0,RELIANCE
2025-08-01,1393.699951171875,36.11244411246867,1453.8449829101562,1453.9360034179688,False,False,0,0.0025176234519714846,0.0,1.0,RELIANCE
2025-08-04,1411.5,42.13974596525767,1447.3449829101562,1453.4700024414062,False,False,0,0.0127717941104597,0.0,1.0,RELIANCE
2025-08-05,1391.699951171875,37.86089380438286,1440.049981689453,1452.862001953125,False,False,0,-0.014027664773733628,-0.0,1.0,RELIANCE
2025-08-06,1392.800048828125,38.23614271534832,1433.7399841308593,1452.4600024414062,False,False,0,0.0007904704281433972,0.0,1.0,RELIANCE
2025-08-07,1389.4000244140625,37.48275008916977,1427.3499877929687,1451.892001953125,False,False,0,-0.0024411432329595195,-0.0,1.0,RELIANCE
2025-08-08,1367.800048828125,33.03014950567939,1420.9799926757812,1450.8300024414064,False,False,0,-0.015546261124507077,-0.0,1.0,RELIANCE
2025-02-10,1880.300048828125,,,,False,False,0,,,,INFY
2025-02-11,1875.6500244140625,,,,False,False,0,-0.0024730225460348754,-0.0,1.0,INFY
2025-02-12,1863.1500244140625,,,,False,False,0,-0.0066643562697177305,-0.0,1.0,INFY
2025-02-13,1843.25,,,,False,False,0,-0.010680849181922913,-0.0,1.0,INFY
2025-02-14,1856.4000244140625,,,,False,False,0,0.00713415131645867,0.0,1.0,INFY
2025-02-17,1842.300048828125,,,,False,False,0,-0.007595332579457326,-0.0,1.0,INFY
2025-02-18,1851.949951171875,,,,False,False,0,0.0052379645486566595,0.0,1.0,INFY
2025-02-19,1810.800048828125,,,,False,False,0,-0.022219770203677047,-0.0,1.0,INFY
2025-02-20,1825.1500244140625,,,,False,False,0,0.007924660480997936,0.0,1.0,INFY
2025-02-21,1815.0,,,,False,False,0,-0.005561200053853632,-0.0,1.0,INFY
2025-02-24,1764.0999755859375,,,,False,False,0,-0.02804409058626034,-0.0,1.0,INFY
2025-02-25,1767.699951171875,,,,False,False,0,0.002040686829408278,0.0,1.0,INFY
2025-02-27,1764.300048828125,,,,False,False,0,-0.0019233481007316922,-0.0,1.0,INFY
2025-02-28,1687.699951171875,12.46173850518862,,,False,False,0,-0.04341670664642838,-0.0,1.0,INFY
2025-03-03,1708.5999755859375,21.134965807353623,,,False,False,0,0.012383732309496409,0.0,1.0,INFY
2025-03-04,1688.300048828125,19.15028606168771,,,False,False,0,-0.011881029525855458,-0.0,1.0,INFY
2025-03-05,1711.5,27.526459293779368,,,False,False,0,0.01374160427702309,0.0,1.0,INFY
2025-03-06,1715.8499755859375,29.011504141125982,,,False,False,0,0.0025416158842754832,0.0,1.0,INFY
2025-03-07,1686.0,25.19614035731182,,,False,False,0,-0.01739661159813477,-0.0,1.0,INFY
2025-03-10,1701.449951171875,30.305122452950258,1782.9725036621094,,False,False,0,0.009163672106687448,0.0,1.0,INFY
2025-03-11,1661.5999755859375,25.47264301210771,1772.0375,,False,False,0,-0.02342118588824249,-0.0,1.0,INFY
2025-03-12,1590.8499755859375,19.52097660632562,1757.7974975585937,,False,False,0,-0.042579442127790745,-0.0,1.0,INFY
2025-03-13,1579.8499755859375,18.786038601058408,1743.6324951171875,,False,False,0,-0.006914542646265898,-0.0,1.0,INFY
2025-03-17,1590.050048828125,21.728743807968314,1730.9724975585937,,False,False,0,0.006456355603261965,0.0,1.0,INFY
2025-03-18,1590.050048828125,21.728743807968314,1717.6549987792969,,False,False,0,0.0,0.0,1.0,INFY
2025-03-19,1586.550048828125,21.41987986276193,1704.867498779297,,False,False,0,-0.0022011885742713178,-0.0,1.0,INFY
2025-03-20,1615.550048828125,30.264897000404943,1693.0475036621094,,False,False,0,0.018278654380566417,0.0,1.0,INFY
2025-03-21,1592.550048828125,27.61045034477189,1682.1350036621093,,False,False,0,-0.0142366372472853,-0.0,1.0,INFY
2025-03-24,1592.75,27.669843310095132,1670.5150024414063,,False,False,0,0.0001255540898210672,0.0,1.0,INFY
2025-03-25,1628.449951171875,37.52559228049621,1661.1875,,False,False,0,0.0224140330697693,0.0,1.0,INFY
2025-03-26,1599.449951171875,33.528868092797964,1652.9549987792968,,False,False,0,-0.017808345893056687,-0.0,1.0,INFY
2025-03-27,1603.550048828125,34.58959683161078,1644.7475036621095,,False,False,0,0.002563442296675822,0.0,1.0,INFY
2025-03-28,1570.6500244140625,30.397800914154928,1635.0650024414062,,False,False,0,-0.020516992555427827,-0.0,1.0,INFY
2025-04-01,1526.5,25.86748713401977,1627.0050048828125,,False,False,0,-0.0281093965732645,-0.0,1.0,INFY
2025-04-02,1550.1500244140625,31.73643698047988,1619.0825073242188,,False,False,0,0.01549297373996894,0.0,1.0,INFY
2025-04-03,1496.5,26.593113120146114,1609.4925048828125,,False,False,0,-0.03460956911853841,-0.0,1.0,INFY
2025-04-04,1451.6500244140625,23.20713462064417,1596.5000061035157,,False,False,0,-0.029969913522176705,-0.0,1.0,INFY
2025-04-07,1396.75,19.87174856632447,1580.5450073242187,,False,False,0,-0.03781904969568828,-0.0,1.0,INFY
2025-04-08,1428.800048828125,26.511962589603314,1567.685009765625,,False,False,0,0.022946159891265472,0.0,1.0,INFY
2025-04-09,1403.699951171875,24.780035015676177,1552.797509765625,,False,False,0,-0.01756725699781203,-0.0,1.0,INFY
2025-04-11,1409.449951171875,25.973074123413596,1540.190008544922,,False,False,0,0.0040963170193171194,0.0,1.0,INFY
2025-04-15,1426.0,29.441915595251828,1531.947509765625,,False,False,0,0.011742203981322419,0.0,1.0,INFY
2025-04-16,1413.0999755859375,28.327668512076443,1523.610009765625,,False,False,0,-0.009046300430618825,-0.0,1.0,INFY
2025-04-17,1419.5,29.748192997285088,1515.0825073242188,,False,False,0,0.004529066962448036,0.0,1.0,INFY
2025-04-21,1451.0,36.42678583596158,1508.1300048828125,,False,False,0,0.022190912293061027,0.0,1.0,INFY
2025-04-22,1422.800048828125,33.36844474957955,1499.9425048828125,,False,False,0,-0.01943483885036179,-0.0,1.0,INFY
2025-04-23,1474.9000244140625,42.90585543450648,1492.9100036621094,,False,False,0,0.03661791804747905,0.0,1.0,INFY
2025-04-24,1471.4000244140625,42.4661031022692,1486.8525024414062,,False,False,0,-0.0023730422008708674,-0.0,1.0,INFY
2025-04-25,1480.199951171875,44.019644863363276,1481.225,,False,False,0,0.005980648777899056,0.0,1.0,INFY
2025-04-28,1482.0999755859375,44.3689310043141,1473.9075012207031,1623.3170043945313,False,False,0,0.001283626859032383,0.0,1.0,INFY
2025-04-29,1497.5,47.24221886408368,1468.8100036621095,1615.6610034179687,False,False,0,0.010390678542433918,0.0,1.0,INFY
2025-04-30,1500.0999755859375,47.733038053254454,1463.6375,1608.1500024414063,False,False,0,0.001736210741861477,0.0,1.0,INFY
2025-05-02,1506.9000244140625,49.06765348311471,1460.45,1601.0250024414063,False,False,0,0.004533063754946776,0.0,1.0,INFY
2025-05-05,1508.5999755859375,49.41539484302317,1459.554998779297,1594.332001953125,False,False,0,0.0011281114502177392,0.0,1.0,INFY
2025-05-06,1511.5,50.042033675229696,1457.6224975585938,1587.4340014648437,False,False,0,0.0019223282917899542,0.0,1.0,INFY
2025-05-07,1508.300048828125,49.31607182806297,1458.2125,1580.7540014648437,False,False,0,-0.0021170699119252845,-0.0,1.0,INFY
2025-05-08,1511.4000244140625,50.07172929117274,1461.2,1573.9430029296875,False,False,0,0.00205527778663539,0.0,1.0,INFY
2025-05-09,1507.5999755859375,49.10523762617044,1466.742498779297,1567.8790014648437,False,False,0,-0.0025142574875888224,-0.0,1.0,INFY
2025-05-12,1626.9000244140625,69.20306597991991,1476.6474975585938,1563.9140014648438,False,False,0,0.07913242953042521,0.0,1.0,INFY
2025-05-13,1568.5999755859375,57.29580555915896,1484.8924987792968,1558.9860009765625,False,False,0,-0.03583505313986468,-0.0,1.0,INFY
2025-05-14,1592.4000244140625,60.29898793810125,1494.0400024414062,1555.552001953125,False,False,0,0.015172796888024198,0.0,1.0,INFY
2025-05-15,1613.0,62.74135941484338,1503.3900024414063,1552.4580029296876,False,False,0,0.012936432598660286,0.0,1.0,INFY
2025-05-16,1589.9000244140625,58.40254185300121,1512.2300048828124,1548.9700024414062,False,False,0,-0.014321125595745499,-0.0,1.0,INFY
2025-05-19,1559.800048828125,53.23640950468494,1519.2450073242187,1546.4120043945313,False,False,0,-0.01893199265597245,-0.0,1.0,INFY
2025-05-20,1560.5999755859375,53.354499281652366,1524.7250061035156,1543.4520043945313,False,False,0,0.000512839295276013,0.0,1.0,INFY
2025-05-21,1568.5,54.57451908418566,1532.0100036621093,1541.0560034179687,False,False,0,0.005062171304402563,0.0,1.0,INFY
2025-05-22,1547.5,50.7729322834341,1535.6400024414063,1537.7760034179687,False,False,0,-0.013388587822760645,-0.0,1.0,INFY
2025-05-23,1564.800048828125,53.638093091202045,1540.3100036621095,1534.7550048828125,False,False,0,0.011179353039176165,0.0,1.0,INFY
2025-05-26,1580.5,56.133349422318496,1545.3250061035155,1532.6450048828126,False,False,0,0.010033199566700235,0.0,1.0,INFY
2025-05-27,1570.0999755859375,54.057800441455186,1549.7250061035156,1530.0180053710938,False,False,0,-0.006580211587511875,-0.0,1.0,INFY
2025-05-28,1571.800048828125,54.35491505019868,1553.440008544922,1528.2220068359375,False,False,0,0.0010827802487882732,0.0,1.0,INFY
2025-05-29,1585.5999755859375,56.79731505938656,1557.7150085449218,1528.1170068359374,False,False,0,0.008779696099450618,0.0,1.0,INFY
2025-05-30,1562.699951171875,51.84015531175313,1560.5050048828125,1527.7740063476563,False,False,0,-0.014442497960811429,-0.0,1.0,INFY
2025-06-02,1553.800048828125,50.013217019992126,1562.7650085449218,1527.0490063476564,False,False,0,-0.005695208691262832,-0.0,1.0,INFY
2025-06-03,1543.0,47.81124014222031,1564.3400085449218,1526.1080053710937,False,False,0,-0.006950732712532992,-0.0,1.0,INFY
2025-06-04,1551.199951171875,49.62473181394044,1566.4850036621094,1525.4010034179687,False,False,0,0.005314291102965107,0.0,1.0,INFY
2025-06-05,1554.300048828125,50.32748612752102,1568.6300048828125,1524.1760034179688,False,False,0,0.0019985158289284044,0.0,1.0,INFY
2025-06-06,1563.800048828125,52.51367472937878,1571.440008544922,1523.6010034179687,False,False,0,0.00611207598376029,0.0,1.0,INFY
2025-06-09,1572.9000244140625,54.57600455595687,1568.740008544922,1523.20400390625,False,False,0,0.005819142666453336,0.0,1.0,INFY
2025-06-10,1596.0,59.396671958769446,1570.110009765625,1522.5550048828125,False,False,0,0.014686232581465397,0.0,1.0,INFY
2025-06-11,1631.0999755859375,65.40454634740212,1572.0450073242187,1523.1880053710938,False,False,0,0.02199246590597581,0.0,1.0,INFY
2025-06-12,1608.5999755859375,59.34292823872,1571.8250061035155,1523.28900390625,False,False,0,-0.013794372102738484,-0.0,1.0,INFY
2025-06-13,1602.0,57.65496931615422,1572.4300048828125,1523.9160034179688,False,False,0,-0.004102931546752897,-0.0,1.0,INFY
2025-06-16,1623.800048828125,61.54575257181999,1575.6300048828125,1525.8620043945311,False,False,0,0.01360802049196308,0.0,1.0,INFY
2025-06-17,1639.9000244140625,64.1645386347586,1579.5950073242188,1527.6570043945312,False,False,0,0.009914998831017874,0.0,1.0,INFY
2025-06-18,1632.9000244140625,62.18175119471913,1582.815008544922,1530.3850048828126,False,False,0,-0.0042685528969981235,-0.0,1.0,INFY
2025-06-19,1618.4000244140625,58.17172101172977,1586.360009765625,1533.7200048828124,False,False,0,-0.008879906781312674,-0.0,1.0,INFY
2025-06-20,1622.9000244140625,59.05423754494511,1589.2650085449218,1538.2430053710937,False,False,0,0.0027805239323506203,0.0,1.0,INFY
2025-06-23,1584.0,49.3593210081405,1589.440008544922,1541.3470043945313,False,False,0,-0.023969452109723788,-0.0,1.0,INFY
2025-06-24,1581.5999755859375,48.826721160026366,1590.0150085449218,1544.9050048828126,False,False,0,-0.0015151669280697444,-0.0,1.0,INFY
2025-06-25,1614.9000244140625,55.93183051505243,1592.1700073242187,1549.0140063476563,False,False,0,0.021054659422202082,0.0,1.0,INFY
2025-06-26,1616.0,56.148419135748206,1593.690008544922,1552.8140063476562,False,False,0,0.0006811415996705872,0.0,1.0,INFY
2025-06-27,1608.0,54.0671154705221,1595.955010986328,1556.7120068359375,False,False,0,-0.004950495049504955,-0.0,1.0,INFY
2025-06-30,1601.800048828125,52.44462604688265,1598.3550109863281,1560.3580078125,False,False,0,-0.003855691027285446,-0.0,1.0,INFY
2025-07-01,1606.800048828125,53.65255364319215,1601.5450134277344,1563.4740087890625,False,False,0,0.003121488230480418,0.0,1.0,INFY
2025-07-02,1610.5,54.572102089760946,1604.5100158691407,1567.2280078125,False,False,0,0.0023026830093597628,0.0,1.0,INFY
2025-07-03,1618.699951171875,56.62599721684635,1607.7300109863281,1570.1040063476562,False,False,0,0.005091556145218945,0.0,1.0,INFY
2025-07-04,1640.699951171875,61.637404541383845,1611.5750061035155,1573.4900048828124,False,False,0,0.013591153804676903,0.0,1.0,INFY
2025-07-07,1627.0,57.20494486277138,1614.2800048828126,1576.426005859375,False,False,0,-0.008350064959829928,-0.0,1.0,INFY
2025-07-08,1638.699951171875,59.859736168425506,1616.4150024414062,1579.5580053710937,False,False,0,0.007191119343500363,0.0,1.0,INFY
2025-07-09,1633.699951171875,58.19817326296176,1616.5450012207032,1582.2820043945312,False,False,0,-0.0030511992121707854,-0.0,1.0,INFY
2025-07-10,1615.800048828125,52.572131919784944,1616.9050048828126,1584.596005859375,False,False,0,-0.010956664552086326,-0.0,1.0,INFY
2025-07-11,1594.9000244140625,46.87430534944781,1616.5500061035157,1586.356005859375,False,False,0,-0.012934783873301936,-0.0,1.0,INFY
2025-07-14,1570.300048828125,41.2124973766573,1613.8750061035157,1587.5900073242187,False,False,0,-0.015424148980733188,-0.0,1.0,INFY
2025-07-15,1585.5999755859375,45.61255446578227,1611.1600036621094,1589.0720068359376,False,False,0,0.009743314196054786,0.0,1.0,INFY
2025-07-16,1607.9000244140625,51.33039768859148,1609.9100036621094,1591.0640063476562,False,False,0,0.014064107701492912,0.0,1.0,INFY
2025-07-17,1583.5,45.672472101019366,1608.1650024414062,1592.506005859375,False,False,0,-0.015175088030087047,-0.0,1.0,INFY
2025-07-18,1586.0999755859375,46.35106205148362,1606.325,1594.076005859375,False,False,0,0.0016419170103805225,0.0,1.0,INFY
2025-07-21,1584.300048828125,45.923408735678095,1606.3400024414063,1593.2240063476563,False,False,0,-0.001134812928263007,-0.0,1.0,INFY
2025-07-22,1570.9000244140625,42.760339227193,1605.8050048828125,1593.2700073242188,False,False,0,-0.008458009216104179,-0.0,1.0,INFY
2025-07-23,1574.5,43.87869763965006,1603.7850036621094,1592.9120068359375,False,False,0,0.0022916643516384116,0.0,1.0,INFY
2025-07-24,1552.5,38.87937626862616,1600.6100036621094,1591.7020068359375,False,False,0,-0.013972689742775435,-0.0,1.0,INFY
2025-07-25,1515.699951171875,32.25854526715726,1595.9950012207032,1590.2180053710938,False,False,0,-0.023703735154991912,-0.0,1.0,INFY
2025-07-28,1516.0,32.35968622225373,1591.7049987792968,1589.3420043945312,False,False,0,0.0001979605712152388,0.0,1.0,INFY
2025-07-29,1513.699951171875,31.965695052867503,1587.0499938964845,1588.40400390625,False,False,0,-0.0015171826043041126,-0.0,1.0,INFY
2025-07-30,1519.0,33.961003984153194,1582.4749938964844,1587.41400390625,False,False,0,0.003501386667827955,0.0,1.0,INFY
2025-07-31,1509.0,32.05102358386971,1576.9899963378907,1586.64400390625,False,False,0,-0.006583278472679366,-0.0,1.0,INFY
2025-08-01,1469.5999755859375,25.87613676051113,1568.4349975585938,1584.7400024414062,False,False,0,-0.026110022805873045,-0.0,1.0,INFY
2025-08-04,1480.5,29.89980344474155,1561.1099975585937,1582.7400024414062,False,False,0,0.007417000949334174,0.0,1.0,INFY
2025-08-05,1460.300048828125,26.977209331260653,1552.1900024414062,1580.54400390625,False,False,0,-0.013644006195119851,-0.0,1.0,INFY
2025-08-06,1436.699951171875,24.022792155603256,1542.3400024414063,1577.842001953125,False,False,0,-0.016161129129036778,-0.0,1.0,INFY
2025-08-07,1436.9000244140625,24.09868206036208,1533.395001220703,1574.8680029296875,False,False,0,0.00013925889120014467,0.0,1.0,INFY
2025-08-08,1423.0999755859375,22.434169873914314,1524.804998779297,1572.0760034179686,False,False,0,-0.00960404244808355,-0.0,1.0,INFY
